-- phpMyAdmin SQL Dump
-- version 5.2.1
-- https://www.phpmyadmin.net/
--
-- Servidor: 127.0.0.1
-- Tiempo de generaci칩n: 26-03-2024 a las 11:54:09
-- Versi칩n del servidor: 10.4.32-MariaDB
-- Versi칩n de PHP: 8.2.12

SET SQL_MODE = "NO_AUTO_VALUE_ON_ZERO";
START TRANSACTION;
SET time_zone = "+00:00";


/*!40101 SET @OLD_CHARACTER_SET_CLIENT=@@CHARACTER_SET_CLIENT */;
/*!40101 SET @OLD_CHARACTER_SET_RESULTS=@@CHARACTER_SET_RESULTS */;
/*!40101 SET @OLD_COLLATION_CONNECTION=@@COLLATION_CONNECTION */;
/*!40101 SET NAMES utf8mb4 */;

--
-- Base de datos: `inmobiliaria`
--
CREATE DATABASE IF NOT EXISTS `inmobiliaria` DEFAULT CHARACTER SET utf8mb4 COLLATE utf8mb4_general_ci;
USE `inmobiliaria`;

-- --------------------------------------------------------

--
-- Table structure for table `ciudad`
--

CREATE TABLE `ciudad` (
  `id` int(11) NOT NULL,
  `ciudad` varchar(100) NOT NULL
) ENGINE=InnoDB DEFAULT CHARSET=utf8mb4 COLLATE=utf8mb4_general_ci;

--
-- Dumping data for table `ciudad`
--

INSERT INTO `ciudad` (`id`, `ciudad`) VALUES
(1, 'San Luis'),
(2, 'Carpinteria');

-- --------------------------------------------------------

--
-- Table structure for table `contrato`
--

CREATE TABLE `contrato` (
  `id` int(11) NOT NULL,
  `id_inquilino` int(11) NOT NULL,
  `id_inmueble` int(11) NOT NULL,
  `fecha_inicio` date DEFAULT NULL,
  `fecha_fin` date DEFAULT NULL,
  `fecha_efectiva` date DEFAULT NULL,
  `monto` decimal(9,2) DEFAULT NULL,
  `incremento` decimal(3,2) DEFAULT NULL,
  `estado` varchar(25) DEFAULT NULL
) ENGINE=InnoDB DEFAULT CHARSET=utf8mb4 COLLATE=utf8mb4_general_ci;

--
-- Dumping data for table `contrato`
--

INSERT INTO `contrato` (`id`, `id_inquilino`, `id_inmueble`, `fecha_inicio`, `fecha_fin`, `fecha_efectiva`, `monto`, `incremento`, `estado`) VALUES
(1, 1, 2, '2023-12-01', '2025-01-03', NULL, 99999.99, NULL, NULL);

-- --------------------------------------------------------

--
-- Table structure for table `inmueble`
--

CREATE TABLE `inmueble` (
  `id` int(11) NOT NULL,
  `direccion` varchar(100) NOT NULL COMMENT 'calle y altura',
  `uso` enum('Comercial','Residencial') NOT NULL DEFAULT 'Comercial',
  `id_tipo` int(11) NOT NULL,
  `ambientes` int(11) NOT NULL,
  `coordenadas` varchar(100) DEFAULT NULL,
  `latitud` varchar(10) DEFAULT NULL,
  `longitud` varchar(10) DEFAULT NULL,
  `precio` decimal(7,2) DEFAULT NULL,
  `id_propietario` int(11) NOT NULL,
  `estado` enum('Disponible','No disponible','Reserva') NOT NULL DEFAULT 'Disponible',
  `id_ciudad` int(11) NOT NULL,
  `id_zona` int(11) NOT NULL,
  `borrado` tinyint(4) NOT NULL DEFAULT 0,
  `descripcion` text DEFAULT NULL
) ENGINE=InnoDB DEFAULT CHARSET=utf8mb4 COLLATE=utf8mb4_general_ci;

--
-- Dumping data for table `inmueble`
--

INSERT INTO `inmueble` (`id`, `direccion`, `uso`, `id_tipo`, `ambientes`, `coordenadas`, `latitud`, `longitud`, `precio`, `id_propietario`, `estado`, `id_ciudad`, `id_zona`, `borrado`, `descripcion`) VALUES
(1, 'san martin 45', 'Comercial', 1, 0, '-32.414566613131946, -65.00877119828924', '-32.33', '-66.44', 99999.99, 1, 'No disponible', 2, 2, 0, 'Local con dependencias, oficina de 12m2'),
(2, 'av illia 566', 'Comercial', 1, 0, '-32.4239588393048, -65.01171109578154', '-32.00', '-66.47', 99999.99, 3, 'Disponible', 2, 2, 0, 'Local con dependencias, oficina de 12m2'),
(3, 'dpto', 'Comercial', 2, 0, '-32.35045498578529, -65.01366813627159', '-33.45', '-65.45', 99999.99, 1, 'Disponible', 2, 2, 0, 'Local con dependencias, oficina de 12m2');

-- --------------------------------------------------------

--
-- Table structure for table `inquilino`
--

CREATE TABLE `inquilino` (
  `id` int(11) NOT NULL,
  `nombre` varchar(45) NOT NULL,
  `apellido` varchar(45) NOT NULL,
  `dni` varchar(11) NOT NULL,
  `email` varchar(45) NOT NULL,
  `telefono` varchar(45) NOT NULL,
  `borrado` tinyint(4) NOT NULL DEFAULT 0
) ENGINE=InnoDB DEFAULT CHARSET=utf8mb4 COLLATE=utf8mb4_general_ci;

--
-- Dumping data for table `inquilino`
--

INSERT INTO `inquilino` (`id`, `nombre`, `apellido`, `dni`, `email`, `telefono`, `borrado`) VALUES
(1, 'fgs', 'pirulo', '1256555', 'e11d4861-efd4-11ee-beee-52540008656e', 'e11d486c-efd4-11ee-beee-52540008656e', 1),
(2, 'sdf', 'sdfs', '1256555', '905b3f1b-ee14-11ee-8ebc-b8aeedb3ac9e', '905b3f29-ee14-11ee-8ebc-b8aeedb3ac9e', 1),
(3, 'AF', 'ZSFD', '1256555', '90b29911-ee14-11ee-8ebc-b8aeedb3ac9e', '90b29921-ee14-11ee-8ebc-b8aeedb3ac9e', 1),
(4, 'zxc', 'as', '1256555', 'admin@gmail.com', '7777777777777', 0);

-- --------------------------------------------------------

--
-- Table structure for table `pago`
--

CREATE TABLE `pago` (
  `id` int(11) NOT NULL,
  `id_contrato` int(11) NOT NULL,
  `fecha_pago` date NOT NULL DEFAULT current_timestamp(),
  `importe` decimal(7,2) NOT NULL COMMENT 'si es negativo es una nota de credito',
  `estado` varchar(25) DEFAULT NULL,
  `numero_pago` int(10) UNSIGNED NOT NULL DEFAULT 1,
  `detalle` varchar(150) NOT NULL COMMENT 'aca van los detalles de cada abono -> paga el mes x - abono mes x',
  `concepto` varchar(50) DEFAULT NULL
) ENGINE=InnoDB DEFAULT CHARSET=utf8mb4 COLLATE=utf8mb4_general_ci;

-- --------------------------------------------------------

--
-- Table structure for table `propietario`
--

CREATE TABLE `propietario` (
  `id` int(11) NOT NULL,
  `nombre` varchar(45) NOT NULL,
  `apellido` varchar(45) NOT NULL,
  `dni` varchar(45) NOT NULL,
  `email` varchar(100) NOT NULL,
  `telefono` varchar(45) NOT NULL,
  `borrado` tinyint(1) NOT NULL DEFAULT 0
) ENGINE=InnoDB DEFAULT CHARSET=utf8mb4 COLLATE=utf8mb4_general_ci;

--
-- Dumping data for table `propietario`
--

INSERT INTO `propietario` (`id`, `nombre`, `apellido`, `dni`, `email`, `telefono`, `borrado`) VALUES
(1, 'Jose', 'Perez', '12345678', 'aaa@aa.com', '123456', 0),
(3, 'Marcelo', 'JOFE', '12345678', 'aaa@aab.com', '123456', 0);

-- --------------------------------------------------------

--
-- Table structure for table `tipo_inmueble`
--

CREATE TABLE `tipo_inmueble` (
  `id` int(11) NOT NULL,
  `tipo` varchar(200) NOT NULL
) ENGINE=InnoDB DEFAULT CHARSET=utf8mb4 COLLATE=utf8mb4_general_ci;

--
-- Dumping data for table `tipo_inmueble`
--

INSERT INTO `tipo_inmueble` (`id`, `tipo`) VALUES
(1, 'Casa'),
(2, 'Departamento'),
(3, 'Deposito'),
(4, 'Local'),
(5, 'Caba침a'),
(6, 'Quinta');

-- --------------------------------------------------------

--
-- Table structure for table `usuario`
--

CREATE TABLE `usuario` (
  `id` int(11) NOT NULL,
  `nombre` varchar(45) DEFAULT NULL,
  `apellido` varchar(45) DEFAULT NULL,
  `dni` varchar(45) DEFAULT NULL,
  `email` varchar(45) DEFAULT NULL,
  `password` varchar(250) DEFAULT NULL,
  `rol` enum('usuario','administrador') DEFAULT 'usuario' COMMENT 'solo vamos a usar 2 tipos de usuarios.\\n- usuario normal de la plataforma\\n- un  administrador'
) ENGINE=InnoDB DEFAULT CHARSET=utf8mb4 COLLATE=utf8mb4_general_ci COMMENT='tabla para usuarios internos del sistema';

-- --------------------------------------------------------

--
-- Table structure for table `zona`
--

CREATE TABLE `zona` (
  `id` int(11) NOT NULL,
  `zona` varchar(50) NOT NULL
) ENGINE=InnoDB DEFAULT CHARSET=utf8mb4 COLLATE=utf8mb4_general_ci;

--
-- Dumping data for table `zona`
--

INSERT INTO `zona` (`id`, `zona`) VALUES
(1, 'Norte'),
(2, 'Centro');

-- --------------------------------------------------------

--
-- Table structure for table `zona_has_ciudad`
--

CREATE TABLE `zona_has_ciudad` (
  `zona_id` int(11) NOT NULL,
  `ciudad_id` int(11) NOT NULL
) ENGINE=InnoDB DEFAULT CHARSET=utf8mb4 COLLATE=utf8mb4_general_ci;

--
-- Dumping data for table `zona_has_ciudad`
--

INSERT INTO `zona_has_ciudad` (`zona_id`, `ciudad_id`) VALUES
(1, 1),
(1, 2),
(2, 1),
(2, 2);

--
-- Indexes for dumped tables
--

--
-- Indexes for table `ciudad`
--
ALTER TABLE `ciudad`
  ADD PRIMARY KEY (`id`);

--
-- Indexes for table `contrato`
--
ALTER TABLE `contrato`
  ADD PRIMARY KEY (`id`),
  ADD KEY `contrato_inmueble_idx` (`id_inmueble`),
  ADD KEY `contrato_inquilino_idx` (`id_inquilino`);

--
-- Indexes for table `inmueble`
--
ALTER TABLE `inmueble`
  ADD PRIMARY KEY (`id`),
  ADD KEY `inmueble_tipo_idx` (`id_tipo`),
  ADD KEY `propietario_inmueble_idx` (`id_propietario`),
  ADD KEY `fk_inmueble_ciudad1_idx` (`id_ciudad`),
  ADD KEY `fk_inmueble_zona1_idx` (`id_zona`);

--
-- Indexes for table `inquilino`
--
ALTER TABLE `inquilino`
  ADD PRIMARY KEY (`id`),
  ADD UNIQUE KEY `email_UNIQUE` (`email`);

--
-- Indexes for table `pago`
--
ALTER TABLE `pago`
  ADD PRIMARY KEY (`id`),
  ADD KEY `pago_contrato_idx` (`id_contrato`);

--
-- Indexes for table `propietario`
--
ALTER TABLE `propietario`
  ADD PRIMARY KEY (`id`),
  ADD UNIQUE KEY `email_UNIQUE` (`email`);

--
-- Indexes for table `tipo_inmueble`
--
ALTER TABLE `tipo_inmueble`
  ADD PRIMARY KEY (`id`);

--
-- Indexes for table `usuario`
--
ALTER TABLE `usuario`
  ADD PRIMARY KEY (`id`);

--
-- Indexes for table `zona`
--
ALTER TABLE `zona`
  ADD PRIMARY KEY (`id`);

--
-- Indexes for table `zona_has_ciudad`
--
ALTER TABLE `zona_has_ciudad`
  ADD PRIMARY KEY (`zona_id`,`ciudad_id`),
  ADD KEY `fk_zona_has_ciudad_ciudad1_idx` (`ciudad_id`),
  ADD KEY `fk_zona_has_ciudad_zona1_idx` (`zona_id`);

--
-- AUTO_INCREMENT for dumped tables
--

--
-- AUTO_INCREMENT for table `ciudad`
--
ALTER TABLE `ciudad`
  MODIFY `id` int(11) NOT NULL AUTO_INCREMENT, AUTO_INCREMENT=3;

--
-- AUTO_INCREMENT for table `contrato`
--
ALTER TABLE `contrato`
  MODIFY `id` int(11) NOT NULL AUTO_INCREMENT, AUTO_INCREMENT=2;

--
-- AUTO_INCREMENT for table `inmueble`
--
ALTER TABLE `inmueble`
  MODIFY `id` int(11) NOT NULL AUTO_INCREMENT, AUTO_INCREMENT=4;

--
-- AUTO_INCREMENT for table `inquilino`
--
ALTER TABLE `inquilino`
  MODIFY `id` int(11) NOT NULL AUTO_INCREMENT, AUTO_INCREMENT=5;

--
-- AUTO_INCREMENT for table `pago`
--
ALTER TABLE `pago`
  MODIFY `id` int(11) NOT NULL AUTO_INCREMENT;

--
-- AUTO_INCREMENT for table `propietario`
--
ALTER TABLE `propietario`
  MODIFY `id` int(11) NOT NULL AUTO_INCREMENT, AUTO_INCREMENT=4;

--
-- AUTO_INCREMENT for table `tipo_inmueble`
--
ALTER TABLE `tipo_inmueble`
  MODIFY `id` int(11) NOT NULL AUTO_INCREMENT, AUTO_INCREMENT=7;

--
-- AUTO_INCREMENT for table `usuario`
--
ALTER TABLE `usuario`
  MODIFY `id` int(11) NOT NULL AUTO_INCREMENT;

--
-- AUTO_INCREMENT for table `zona`
--
ALTER TABLE `zona`
  MODIFY `id` int(11) NOT NULL AUTO_INCREMENT, AUTO_INCREMENT=3;

--
-- Constraints for dumped tables
--

--
-- Constraints for table `contrato`
--
ALTER TABLE `contrato`
  ADD CONSTRAINT `contrato_inmueble` FOREIGN KEY (`id_inmueble`) REFERENCES `inmueble` (`id`) ON DELETE CASCADE ON UPDATE CASCADE,
  ADD CONSTRAINT `contrato_inquilino` FOREIGN KEY (`id_inquilino`) REFERENCES `inquilino` (`id`) ON DELETE CASCADE ON UPDATE CASCADE;

--
-- Constraints for table `inmueble`
--
ALTER TABLE `inmueble`
  ADD CONSTRAINT `fk_inmueble_ciudad1` FOREIGN KEY (`id_ciudad`) REFERENCES `ciudad` (`id`) ON DELETE NO ACTION ON UPDATE NO ACTION,
  ADD CONSTRAINT `fk_inmueble_zona1` FOREIGN KEY (`id_zona`) REFERENCES `zona` (`id`) ON DELETE NO ACTION ON UPDATE NO ACTION,
  ADD CONSTRAINT `inmueble_tipo` FOREIGN KEY (`id_tipo`) REFERENCES `tipo_inmueble` (`id`) ON DELETE CASCADE ON UPDATE CASCADE,
  ADD CONSTRAINT `propietario_inmueble` FOREIGN KEY (`id_propietario`) REFERENCES `propietario` (`id`) ON DELETE CASCADE ON UPDATE CASCADE;

--
-- Constraints for table `pago`
--
ALTER TABLE `pago`
  ADD CONSTRAINT `pago_contrato` FOREIGN KEY (`id_contrato`) REFERENCES `contrato` (`id`) ON DELETE CASCADE ON UPDATE CASCADE;

--
-- Constraints for table `zona_has_ciudad`
--
ALTER TABLE `zona_has_ciudad`
  ADD CONSTRAINT `fk_zona_has_ciudad_ciudad1` FOREIGN KEY (`ciudad_id`) REFERENCES `ciudad` (`id`) ON DELETE NO ACTION ON UPDATE NO ACTION,
  ADD CONSTRAINT `fk_zona_has_ciudad_zona1` FOREIGN KEY (`zona_id`) REFERENCES `zona` (`id`) ON DELETE NO ACTION ON UPDATE NO ACTION;
COMMIT;

/*!40101 SET CHARACTER_SET_CLIENT=@OLD_CHARACTER_SET_CLIENT */;
/*!40101 SET CHARACTER_SET_RESULTS=@OLD_CHARACTER_SET_RESULTS */;
/*!40101 SET COLLATION_CONNECTION=@OLD_COLLATION_CONNECTION */;
